sample_id,first_frame_path,view,pred_label,pred_index,pred_confidence,true_index,true_label
0,D:\Ti\Py_mmWave_Roformer\Dataset\squat.test\pHistBytes_clustered_voxel\pHistBytes_clustered_voxel_XOZ\pHistBytes_100_XOZ.png,xoz,squat,2,0.9958663,2,squat
1,D:\Ti\Py_mmWave_Roformer\Dataset\squat.test\pHistBytes_clustered_voxel\pHistBytes_clustered_voxel_XOZ\pHistBytes_101_XOZ.png,xoz,squat,2,0.9873677,2,squat
2,D:\Ti\Py_mmWave_Roformer\Dataset\squat.test\pHistBytes_clustered_voxel\pHistBytes_clustered_voxel_XOZ\pHistBytes_102_XOZ.png,xoz,squat,2,0.99642724,2,squat
3,D:\Ti\Py_mmWave_Roformer\Dataset\squat.test\pHistBytes_clustered_voxel\pHistBytes_clustered_voxel_XOZ\pHistBytes_103_XOZ.png,xoz,squat,2,0.991467,2,squat
4,D:\Ti\Py_mmWave_Roformer\Dataset\squat.test\pHistBytes_clustered_voxel\pHistBytes_clustered_voxel_XOZ\pHistBytes_104_XOZ.png,xoz,squat,2,0.9864565,2,squat
5,D:\Ti\Py_mmWave_Roformer\Dataset\squat.test\pHistBytes_clustered_voxel\pHistBytes_clustered_voxel_XOZ\pHistBytes_105_XOZ.png,xoz,squat,2,0.96928567,2,squat
6,D:\Ti\Py_mmWave_Roformer\Dataset\squat.test\pHistBytes_clustered_voxel\pHistBytes_clustered_voxel_XOZ\pHistBytes_106_XOZ.png,xoz,squat,2,0.8622007,2,squat
7,D:\Ti\Py_mmWave_Roformer\Dataset\squat.test\pHistBytes_clustered_voxel\pHistBytes_clustered_voxel_XOZ\pHistBytes_107_XOZ.png,xoz,squat,2,0.548152,2,squat
8,D:\Ti\Py_mmWave_Roformer\Dataset\squat.test\pHistBytes_clustered_voxel\pHistBytes_clustered_voxel_XOZ\pHistBytes_108_XOZ.png,xoz,stand,3,0.613152,2,squat
9,D:\Ti\Py_mmWave_Roformer\Dataset\squat.test\pHistBytes_clustered_voxel\pHistBytes_clustered_voxel_XOZ\pHistBytes_109_XOZ.png,xoz,run,1,0.4093977,2,squat
10,D:\Ti\Py_mmWave_Roformer\Dataset\squat.test\pHistBytes_clustered_voxel\pHistBytes_clustered_voxel_XOZ\pHistBytes_10_XOZ.png,xoz,run,1,0.6619901,2,squat
11,D:\Ti\Py_mmWave_Roformer\Dataset\squat.test\pHistBytes_clustered_voxel\pHistBytes_clustered_voxel_XOZ\pHistBytes_110_XOZ.png,xoz,stationary,0,0.99929214,2,squat
12,D:\Ti\Py_mmWave_Roformer\Dataset\squat.test\pHistBytes_clustered_voxel\pHistBytes_clustered_voxel_XOZ\pHistBytes_111_XOZ.png,xoz,stationary,0,0.76623833,2,squat
13,D:\Ti\Py_mmWave_Roformer\Dataset\squat.test\pHistBytes_clustered_voxel\pHistBytes_clustered_voxel_XOZ\pHistBytes_112_XOZ.png,xoz,squat,2,0.96351355,2,squat
14,D:\Ti\Py_mmWave_Roformer\Dataset\squat.test\pHistBytes_clustered_voxel\pHistBytes_clustered_voxel_XOZ\pHistBytes_113_XOZ.png,xoz,squat,2,0.82293195,2,squat
15,D:\Ti\Py_mmWave_Roformer\Dataset\squat.test\pHistBytes_clustered_voxel\pHistBytes_clustered_voxel_XOZ\pHistBytes_114_XOZ.png,xoz,squat,2,0.7797098,2,squat
16,D:\Ti\Py_mmWave_Roformer\Dataset\squat.test\pHistBytes_clustered_voxel\pHistBytes_clustered_voxel_XOZ\pHistBytes_115_XOZ.png,xoz,squat,2,0.96597743,2,squat
17,D:\Ti\Py_mmWave_Roformer\Dataset\squat.test\pHistBytes_clustered_voxel\pHistBytes_clustered_voxel_XOZ\pHistBytes_116_XOZ.png,xoz,squat,2,0.958357,2,squat
18,D:\Ti\Py_mmWave_Roformer\Dataset\squat.test\pHistBytes_clustered_voxel\pHistBytes_clustered_voxel_XOZ\pHistBytes_117_XOZ.png,xoz,squat,2,0.99871147,2,squat
19,D:\Ti\Py_mmWave_Roformer\Dataset\squat.test\pHistBytes_clustered_voxel\pHistBytes_clustered_voxel_XOZ\pHistBytes_118_XOZ.png,xoz,walk,4,0.5590791,2,squat
20,D:\Ti\Py_mmWave_Roformer\Dataset\squat.test\pHistBytes_clustered_voxel\pHistBytes_clustered_voxel_XOZ\pHistBytes_119_XOZ.png,xoz,walk,4,0.48770887,2,squat
21,D:\Ti\Py_mmWave_Roformer\Dataset\squat.test\pHistBytes_clustered_voxel\pHistBytes_clustered_voxel_XOZ\pHistBytes_11_XOZ.png,xoz,walk,4,0.57657665,2,squat
22,D:\Ti\Py_mmWave_Roformer\Dataset\squat.test\pHistBytes_clustered_voxel\pHistBytes_clustered_voxel_XOZ\pHistBytes_120_XOZ.png,xoz,squat,2,0.8575434,2,squat
23,D:\Ti\Py_mmWave_Roformer\Dataset\squat.test\pHistBytes_clustered_voxel\pHistBytes_clustered_voxel_XOZ\pHistBytes_121_XOZ.png,xoz,squat,2,0.54663134,2,squat
24,D:\Ti\Py_mmWave_Roformer\Dataset\squat.test\pHistBytes_clustered_voxel\pHistBytes_clustered_voxel_XOZ\pHistBytes_122_XOZ.png,xoz,squat,2,0.77164125,2,squat
25,D:\Ti\Py_mmWave_Roformer\Dataset\squat.test\pHistBytes_clustered_voxel\pHistBytes_clustered_voxel_XOZ\pHistBytes_123_XOZ.png,xoz,squat,2,0.8778146,2,squat
26,D:\Ti\Py_mmWave_Roformer\Dataset\squat.test\pHistBytes_clustered_voxel\pHistBytes_clustered_voxel_XOZ\pHistBytes_124_XOZ.png,xoz,squat,2,0.76730335,2,squat
27,D:\Ti\Py_mmWave_Roformer\Dataset\squat.test\pHistBytes_clustered_voxel\pHistBytes_clustered_voxel_XOZ\pHistBytes_125_XOZ.png,xoz,squat,2,0.9021752,2,squat
28,D:\Ti\Py_mmWave_Roformer\Dataset\squat.test\pHistBytes_clustered_voxel\pHistBytes_clustered_voxel_XOZ\pHistBytes_126_XOZ.png,xoz,squat,2,0.87649924,2,squat
29,D:\Ti\Py_mmWave_Roformer\Dataset\squat.test\pHistBytes_clustered_voxel\pHistBytes_clustered_voxel_XOZ\pHistBytes_127_XOZ.png,xoz,squat,2,0.8470833,2,squat
30,D:\Ti\Py_mmWave_Roformer\Dataset\squat.test\pHistBytes_clustered_voxel\pHistBytes_clustered_voxel_XOZ\pHistBytes_128_XOZ.png,xoz,walk,4,0.5855733,2,squat
31,D:\Ti\Py_mmWave_Roformer\Dataset\squat.test\pHistBytes_clustered_voxel\pHistBytes_clustered_voxel_XOZ\pHistBytes_129_XOZ.png,xoz,walk,4,0.61990905,2,squat
32,D:\Ti\Py_mmWave_Roformer\Dataset\squat.test\pHistBytes_clustered_voxel\pHistBytes_clustered_voxel_XOZ\pHistBytes_12_XOZ.png,xoz,walk,4,0.4921039,2,squat
33,D:\Ti\Py_mmWave_Roformer\Dataset\squat.test\pHistBytes_clustered_voxel\pHistBytes_clustered_voxel_XOZ\pHistBytes_130_XOZ.png,xoz,squat,2,0.97117966,2,squat
34,D:\Ti\Py_mmWave_Roformer\Dataset\squat.test\pHistBytes_clustered_voxel\pHistBytes_clustered_voxel_XOZ\pHistBytes_131_XOZ.png,xoz,squat,2,0.99417394,2,squat
35,D:\Ti\Py_mmWave_Roformer\Dataset\squat.test\pHistBytes_clustered_voxel\pHistBytes_clustered_voxel_XOZ\pHistBytes_132_XOZ.png,xoz,squat,2,0.9935835,2,squat
36,D:\Ti\Py_mmWave_Roformer\Dataset\squat.test\pHistBytes_clustered_voxel\pHistBytes_clustered_voxel_XOZ\pHistBytes_133_XOZ.png,xoz,squat,2,0.99834776,2,squat
37,D:\Ti\Py_mmWave_Roformer\Dataset\squat.test\pHistBytes_clustered_voxel\pHistBytes_clustered_voxel_XOZ\pHistBytes_134_XOZ.png,xoz,squat,2,0.9969981,2,squat
38,D:\Ti\Py_mmWave_Roformer\Dataset\squat.test\pHistBytes_clustered_voxel\pHistBytes_clustered_voxel_XOZ\pHistBytes_135_XOZ.png,xoz,squat,2,0.992653,2,squat
39,D:\Ti\Py_mmWave_Roformer\Dataset\squat.test\pHistBytes_clustered_voxel\pHistBytes_clustered_voxel_XOZ\pHistBytes_136_XOZ.png,xoz,squat,2,0.9924419,2,squat
40,D:\Ti\Py_mmWave_Roformer\Dataset\squat.test\pHistBytes_clustered_voxel\pHistBytes_clustered_voxel_XOZ\pHistBytes_137_XOZ.png,xoz,squat,2,0.9794719,2,squat
41,D:\Ti\Py_mmWave_Roformer\Dataset\squat.test\pHistBytes_clustered_voxel\pHistBytes_clustered_voxel_XOZ\pHistBytes_138_XOZ.png,xoz,squat,2,0.98033077,2,squat
42,D:\Ti\Py_mmWave_Roformer\Dataset\squat.test\pHistBytes_clustered_voxel\pHistBytes_clustered_voxel_XOZ\pHistBytes_139_XOZ.png,xoz,squat,2,0.92876434,2,squat
43,D:\Ti\Py_mmWave_Roformer\Dataset\squat.test\pHistBytes_clustered_voxel\pHistBytes_clustered_voxel_XOZ\pHistBytes_13_XOZ.png,xoz,squat,2,0.95804524,2,squat
44,D:\Ti\Py_mmWave_Roformer\Dataset\squat.test\pHistBytes_clustered_voxel\pHistBytes_clustered_voxel_XOZ\pHistBytes_140_XOZ.png,xoz,squat,2,0.94842523,2,squat
45,D:\Ti\Py_mmWave_Roformer\Dataset\squat.test\pHistBytes_clustered_voxel\pHistBytes_clustered_voxel_XOZ\pHistBytes_141_XOZ.png,xoz,squat,2,0.9895663,2,squat
46,D:\Ti\Py_mmWave_Roformer\Dataset\squat.test\pHistBytes_clustered_voxel\pHistBytes_clustered_voxel_XOZ\pHistBytes_142_XOZ.png,xoz,squat,2,0.9242482,2,squat
47,D:\Ti\Py_mmWave_Roformer\Dataset\squat.test\pHistBytes_clustered_voxel\pHistBytes_clustered_voxel_XOZ\pHistBytes_143_XOZ.png,xoz,squat,2,0.96290237,2,squat
48,D:\Ti\Py_mmWave_Roformer\Dataset\squat.test\pHistBytes_clustered_voxel\pHistBytes_clustered_voxel_XOZ\pHistBytes_144_XOZ.png,xoz,squat,2,0.9851745,2,squat
49,D:\Ti\Py_mmWave_Roformer\Dataset\squat.test\pHistBytes_clustered_voxel\pHistBytes_clustered_voxel_XOZ\pHistBytes_145_XOZ.png,xoz,squat,2,0.9914147,2,squat
50,D:\Ti\Py_mmWave_Roformer\Dataset\squat.test\pHistBytes_clustered_voxel\pHistBytes_clustered_voxel_XOZ\pHistBytes_146_XOZ.png,xoz,squat,2,0.984536,2,squat
51,D:\Ti\Py_mmWave_Roformer\Dataset\squat.test\pHistBytes_clustered_voxel\pHistBytes_clustered_voxel_XOZ\pHistBytes_147_XOZ.png,xoz,squat,2,0.99144334,2,squat
52,D:\Ti\Py_mmWave_Roformer\Dataset\squat.test\pHistBytes_clustered_voxel\pHistBytes_clustered_voxel_XOZ\pHistBytes_148_XOZ.png,xoz,squat,2,0.83557326,2,squat
53,D:\Ti\Py_mmWave_Roformer\Dataset\squat.test\pHistBytes_clustered_voxel\pHistBytes_clustered_voxel_XOZ\pHistBytes_149_XOZ.png,xoz,squat,2,0.94023263,2,squat
54,D:\Ti\Py_mmWave_Roformer\Dataset\squat.test\pHistBytes_clustered_voxel\pHistBytes_clustered_voxel_XOZ\pHistBytes_14_XOZ.png,xoz,squat,2,0.7280722,2,squat
55,D:\Ti\Py_mmWave_Roformer\Dataset\squat.test\pHistBytes_clustered_voxel\pHistBytes_clustered_voxel_XOZ\pHistBytes_150_XOZ.png,xoz,squat,2,0.99333763,2,squat
56,D:\Ti\Py_mmWave_Roformer\Dataset\squat.test\pHistBytes_clustered_voxel\pHistBytes_clustered_voxel_XOZ\pHistBytes_151_XOZ.png,xoz,squat,2,0.8896642,2,squat
57,D:\Ti\Py_mmWave_Roformer\Dataset\squat.test\pHistBytes_clustered_voxel\pHistBytes_clustered_voxel_XOZ\pHistBytes_152_XOZ.png,xoz,squat,2,0.82980597,2,squat
58,D:\Ti\Py_mmWave_Roformer\Dataset\squat.test\pHistBytes_clustered_voxel\pHistBytes_clustered_voxel_XOZ\pHistBytes_153_XOZ.png,xoz,walk,4,0.96175444,2,squat
59,D:\Ti\Py_mmWave_Roformer\Dataset\squat.test\pHistBytes_clustered_voxel\pHistBytes_clustered_voxel_XOZ\pHistBytes_154_XOZ.png,xoz,walk,4,0.93281424,2,squat
60,D:\Ti\Py_mmWave_Roformer\Dataset\squat.test\pHistBytes_clustered_voxel\pHistBytes_clustered_voxel_XOZ\pHistBytes_155_XOZ.png,xoz,stand,3,0.6223122,2,squat
61,D:\Ti\Py_mmWave_Roformer\Dataset\squat.test\pHistBytes_clustered_voxel\pHistBytes_clustered_voxel_XOZ\pHistBytes_156_XOZ.png,xoz,stand,3,0.5599754,2,squat
62,D:\Ti\Py_mmWave_Roformer\Dataset\squat.test\pHistBytes_clustered_voxel\pHistBytes_clustered_voxel_XOZ\pHistBytes_157_XOZ.png,xoz,stand,3,0.9779743,2,squat
63,D:\Ti\Py_mmWave_Roformer\Dataset\squat.test\pHistBytes_clustered_voxel\pHistBytes_clustered_voxel_XOZ\pHistBytes_158_XOZ.png,xoz,stand,3,0.9796963,2,squat
64,D:\Ti\Py_mmWave_Roformer\Dataset\squat.test\pHistBytes_clustered_voxel\pHistBytes_clustered_voxel_XOZ\pHistBytes_159_XOZ.png,xoz,stand,3,0.9951119,2,squat
65,D:\Ti\Py_mmWave_Roformer\Dataset\squat.test\pHistBytes_clustered_voxel\pHistBytes_clustered_voxel_XOZ\pHistBytes_15_XOZ.png,xoz,stand,3,0.9631456,2,squat
66,D:\Ti\Py_mmWave_Roformer\Dataset\squat.test\pHistBytes_clustered_voxel\pHistBytes_clustered_voxel_XOZ\pHistBytes_160_XOZ.png,xoz,stand,3,0.7104491,2,squat
67,D:\Ti\Py_mmWave_Roformer\Dataset\squat.test\pHistBytes_clustered_voxel\pHistBytes_clustered_voxel_XOZ\pHistBytes_161_XOZ.png,xoz,stand,3,0.8467797,2,squat
68,D:\Ti\Py_mmWave_Roformer\Dataset\squat.test\pHistBytes_clustered_voxel\pHistBytes_clustered_voxel_XOZ\pHistBytes_162_XOZ.png,xoz,stand,3,0.7003275,2,squat
69,D:\Ti\Py_mmWave_Roformer\Dataset\squat.test\pHistBytes_clustered_voxel\pHistBytes_clustered_voxel_XOZ\pHistBytes_163_XOZ.png,xoz,stand,3,0.9744639,2,squat
70,D:\Ti\Py_mmWave_Roformer\Dataset\squat.test\pHistBytes_clustered_voxel\pHistBytes_clustered_voxel_XOZ\pHistBytes_164_XOZ.png,xoz,squat,2,0.6043133,2,squat
71,D:\Ti\Py_mmWave_Roformer\Dataset\squat.test\pHistBytes_clustered_voxel\pHistBytes_clustered_voxel_XOZ\pHistBytes_165_XOZ.png,xoz,squat,2,0.5568703,2,squat
72,D:\Ti\Py_mmWave_Roformer\Dataset\squat.test\pHistBytes_clustered_voxel\pHistBytes_clustered_voxel_XOZ\pHistBytes_166_XOZ.png,xoz,squat,2,0.6681548,2,squat
73,D:\Ti\Py_mmWave_Roformer\Dataset\squat.test\pHistBytes_clustered_voxel\pHistBytes_clustered_voxel_XOZ\pHistBytes_167_XOZ.png,xoz,stand,3,0.82194364,2,squat
74,D:\Ti\Py_mmWave_Roformer\Dataset\squat.test\pHistBytes_clustered_voxel\pHistBytes_clustered_voxel_XOZ\pHistBytes_168_XOZ.png,xoz,stand,3,0.8173612,2,squat
75,D:\Ti\Py_mmWave_Roformer\Dataset\squat.test\pHistBytes_clustered_voxel\pHistBytes_clustered_voxel_XOZ\pHistBytes_169_XOZ.png,xoz,stand,3,0.98314166,2,squat
76,D:\Ti\Py_mmWave_Roformer\Dataset\squat.test\pHistBytes_clustered_voxel\pHistBytes_clustered_voxel_XOZ\pHistBytes_16_XOZ.png,xoz,stand,3,0.9833265,2,squat
77,D:\Ti\Py_mmWave_Roformer\Dataset\squat.test\pHistBytes_clustered_voxel\pHistBytes_clustered_voxel_XOZ\pHistBytes_170_XOZ.png,xoz,stand,3,0.97679627,2,squat
78,D:\Ti\Py_mmWave_Roformer\Dataset\squat.test\pHistBytes_clustered_voxel\pHistBytes_clustered_voxel_XOZ\pHistBytes_171_XOZ.png,xoz,stand,3,0.9741561,2,squat
79,D:\Ti\Py_mmWave_Roformer\Dataset\squat.test\pHistBytes_clustered_voxel\pHistBytes_clustered_voxel_XOZ\pHistBytes_172_XOZ.png,xoz,stand,3,0.8165218,2,squat
80,D:\Ti\Py_mmWave_Roformer\Dataset\squat.test\pHistBytes_clustered_voxel\pHistBytes_clustered_voxel_XOZ\pHistBytes_17_XOZ.png,xoz,stand,3,0.8965258,2,squat
81,D:\Ti\Py_mmWave_Roformer\Dataset\squat.test\pHistBytes_clustered_voxel\pHistBytes_clustered_voxel_XOZ\pHistBytes_18_XOZ.png,xoz,stand,3,0.5135679,2,squat
82,D:\Ti\Py_mmWave_Roformer\Dataset\squat.test\pHistBytes_clustered_voxel\pHistBytes_clustered_voxel_XOZ\pHistBytes_19_XOZ.png,xoz,stand,3,0.9167705,2,squat
83,D:\Ti\Py_mmWave_Roformer\Dataset\squat.test\pHistBytes_clustered_voxel\pHistBytes_clustered_voxel_XOZ\pHistBytes_1_XOZ.png,xoz,stand,3,0.8836786,2,squat
84,D:\Ti\Py_mmWave_Roformer\Dataset\squat.test\pHistBytes_clustered_voxel\pHistBytes_clustered_voxel_XOZ\pHistBytes_20_XOZ.png,xoz,stand,3,0.9694687,2,squat
85,D:\Ti\Py_mmWave_Roformer\Dataset\squat.test\pHistBytes_clustered_voxel\pHistBytes_clustered_voxel_XOZ\pHistBytes_21_XOZ.png,xoz,walk,4,0.53606117,2,squat
86,D:\Ti\Py_mmWave_Roformer\Dataset\squat.test\pHistBytes_clustered_voxel\pHistBytes_clustered_voxel_XOZ\pHistBytes_22_XOZ.png,xoz,stand,3,0.5671965,2,squat
87,D:\Ti\Py_mmWave_Roformer\Dataset\squat.test\pHistBytes_clustered_voxel\pHistBytes_clustered_voxel_XOZ\pHistBytes_23_XOZ.png,xoz,walk,4,0.59526104,2,squat
88,D:\Ti\Py_mmWave_Roformer\Dataset\squat.test\pHistBytes_clustered_voxel\pHistBytes_clustered_voxel_XOZ\pHistBytes_24_XOZ.png,xoz,stand,3,0.9716451,2,squat
89,D:\Ti\Py_mmWave_Roformer\Dataset\squat.test\pHistBytes_clustered_voxel\pHistBytes_clustered_voxel_XOZ\pHistBytes_25_XOZ.png,xoz,stand,3,0.9719282,2,squat
90,D:\Ti\Py_mmWave_Roformer\Dataset\squat.test\pHistBytes_clustered_voxel\pHistBytes_clustered_voxel_XOZ\pHistBytes_26_XOZ.png,xoz,stand,3,0.97048384,2,squat
91,D:\Ti\Py_mmWave_Roformer\Dataset\squat.test\pHistBytes_clustered_voxel\pHistBytes_clustered_voxel_XOZ\pHistBytes_27_XOZ.png,xoz,stand,3,0.960325,2,squat
92,D:\Ti\Py_mmWave_Roformer\Dataset\squat.test\pHistBytes_clustered_voxel\pHistBytes_clustered_voxel_XOZ\pHistBytes_28_XOZ.png,xoz,stand,3,0.97269857,2,squat
93,D:\Ti\Py_mmWave_Roformer\Dataset\squat.test\pHistBytes_clustered_voxel\pHistBytes_clustered_voxel_XOZ\pHistBytes_29_XOZ.png,xoz,stand,3,0.96095645,2,squat
94,D:\Ti\Py_mmWave_Roformer\Dataset\squat.test\pHistBytes_clustered_voxel\pHistBytes_clustered_voxel_XOZ\pHistBytes_2_XOZ.png,xoz,stand,3,0.6362261,2,squat
95,D:\Ti\Py_mmWave_Roformer\Dataset\squat.test\pHistBytes_clustered_voxel\pHistBytes_clustered_voxel_XOZ\pHistBytes_30_XOZ.png,xoz,walk,4,0.8384518,2,squat
96,D:\Ti\Py_mmWave_Roformer\Dataset\squat.test\pHistBytes_clustered_voxel\pHistBytes_clustered_voxel_XOZ\pHistBytes_31_XOZ.png,xoz,walk,4,0.9062023,2,squat
97,D:\Ti\Py_mmWave_Roformer\Dataset\squat.test\pHistBytes_clustered_voxel\pHistBytes_clustered_voxel_XOZ\pHistBytes_32_XOZ.png,xoz,walk,4,0.99027014,2,squat
98,D:\Ti\Py_mmWave_Roformer\Dataset\squat.test\pHistBytes_clustered_voxel\pHistBytes_clustered_voxel_XOZ\pHistBytes_33_XOZ.png,xoz,walk,4,0.5987838,2,squat
99,D:\Ti\Py_mmWave_Roformer\Dataset\squat.test\pHistBytes_clustered_voxel\pHistBytes_clustered_voxel_XOZ\pHistBytes_34_XOZ.png,xoz,walk,4,0.42660704,2,squat
100,D:\Ti\Py_mmWave_Roformer\Dataset\squat.test\pHistBytes_clustered_voxel\pHistBytes_clustered_voxel_XOZ\pHistBytes_35_XOZ.png,xoz,stand,3,0.6356448,2,squat
101,D:\Ti\Py_mmWave_Roformer\Dataset\squat.test\pHistBytes_clustered_voxel\pHistBytes_clustered_voxel_XOZ\pHistBytes_36_XOZ.png,xoz,squat,2,0.98165256,2,squat
102,D:\Ti\Py_mmWave_Roformer\Dataset\squat.test\pHistBytes_clustered_voxel\pHistBytes_clustered_voxel_XOZ\pHistBytes_37_XOZ.png,xoz,squat,2,0.9998956,2,squat
103,D:\Ti\Py_mmWave_Roformer\Dataset\squat.test\pHistBytes_clustered_voxel\pHistBytes_clustered_voxel_XOZ\pHistBytes_38_XOZ.png,xoz,squat,2,0.96301985,2,squat
104,D:\Ti\Py_mmWave_Roformer\Dataset\squat.test\pHistBytes_clustered_voxel\pHistBytes_clustered_voxel_XOZ\pHistBytes_39_XOZ.png,xoz,squat,2,0.92336136,2,squat
105,D:\Ti\Py_mmWave_Roformer\Dataset\squat.test\pHistBytes_clustered_voxel\pHistBytes_clustered_voxel_XOZ\pHistBytes_3_XOZ.png,xoz,stand,3,0.7080856,2,squat
106,D:\Ti\Py_mmWave_Roformer\Dataset\squat.test\pHistBytes_clustered_voxel\pHistBytes_clustered_voxel_XOZ\pHistBytes_40_XOZ.png,xoz,stand,3,0.710463,2,squat
107,D:\Ti\Py_mmWave_Roformer\Dataset\squat.test\pHistBytes_clustered_voxel\pHistBytes_clustered_voxel_XOZ\pHistBytes_41_XOZ.png,xoz,stand,3,0.8100147,2,squat
108,D:\Ti\Py_mmWave_Roformer\Dataset\squat.test\pHistBytes_clustered_voxel\pHistBytes_clustered_voxel_XOZ\pHistBytes_42_XOZ.png,xoz,stand,3,0.68861854,2,squat
109,D:\Ti\Py_mmWave_Roformer\Dataset\squat.test\pHistBytes_clustered_voxel\pHistBytes_clustered_voxel_XOZ\pHistBytes_43_XOZ.png,xoz,squat,2,0.89683354,2,squat
110,D:\Ti\Py_mmWave_Roformer\Dataset\squat.test\pHistBytes_clustered_voxel\pHistBytes_clustered_voxel_XOZ\pHistBytes_44_XOZ.png,xoz,squat,2,0.9554305,2,squat
111,D:\Ti\Py_mmWave_Roformer\Dataset\squat.test\pHistBytes_clustered_voxel\pHistBytes_clustered_voxel_XOZ\pHistBytes_45_XOZ.png,xoz,squat,2,0.8096671,2,squat
112,D:\Ti\Py_mmWave_Roformer\Dataset\squat.test\pHistBytes_clustered_voxel\pHistBytes_clustered_voxel_XOZ\pHistBytes_46_XOZ.png,xoz,stand,3,0.76869494,2,squat
113,D:\Ti\Py_mmWave_Roformer\Dataset\squat.test\pHistBytes_clustered_voxel\pHistBytes_clustered_voxel_XOZ\pHistBytes_47_XOZ.png,xoz,stand,3,0.89048064,2,squat
114,D:\Ti\Py_mmWave_Roformer\Dataset\squat.test\pHistBytes_clustered_voxel\pHistBytes_clustered_voxel_XOZ\pHistBytes_48_XOZ.png,xoz,stand,3,0.98009104,2,squat
115,D:\Ti\Py_mmWave_Roformer\Dataset\squat.test\pHistBytes_clustered_voxel\pHistBytes_clustered_voxel_XOZ\pHistBytes_49_XOZ.png,xoz,stand,3,0.7634001,2,squat
116,D:\Ti\Py_mmWave_Roformer\Dataset\squat.test\pHistBytes_clustered_voxel\pHistBytes_clustered_voxel_XOZ\pHistBytes_4_XOZ.png,xoz,squat,2,0.8211556,2,squat
117,D:\Ti\Py_mmWave_Roformer\Dataset\squat.test\pHistBytes_clustered_voxel\pHistBytes_clustered_voxel_XOZ\pHistBytes_50_XOZ.png,xoz,squat,2,0.9963977,2,squat
118,D:\Ti\Py_mmWave_Roformer\Dataset\squat.test\pHistBytes_clustered_voxel\pHistBytes_clustered_voxel_XOZ\pHistBytes_51_XOZ.png,xoz,squat,2,0.98200005,2,squat
119,D:\Ti\Py_mmWave_Roformer\Dataset\squat.test\pHistBytes_clustered_voxel\pHistBytes_clustered_voxel_XOZ\pHistBytes_52_XOZ.png,xoz,walk,4,0.72981155,2,squat
120,D:\Ti\Py_mmWave_Roformer\Dataset\squat.test\pHistBytes_clustered_voxel\pHistBytes_clustered_voxel_XOZ\pHistBytes_53_XOZ.png,xoz,walk,4,0.7673484,2,squat
121,D:\Ti\Py_mmWave_Roformer\Dataset\squat.test\pHistBytes_clustered_voxel\pHistBytes_clustered_voxel_XOZ\pHistBytes_54_XOZ.png,xoz,walk,4,0.8271731,2,squat
122,D:\Ti\Py_mmWave_Roformer\Dataset\squat.test\pHistBytes_clustered_voxel\pHistBytes_clustered_voxel_XOZ\pHistBytes_55_XOZ.png,xoz,walk,4,0.6988805,2,squat
123,D:\Ti\Py_mmWave_Roformer\Dataset\squat.test\pHistBytes_clustered_voxel\pHistBytes_clustered_voxel_XOZ\pHistBytes_56_XOZ.png,xoz,squat,2,0.954089,2,squat
124,D:\Ti\Py_mmWave_Roformer\Dataset\squat.test\pHistBytes_clustered_voxel\pHistBytes_clustered_voxel_XOZ\pHistBytes_57_XOZ.png,xoz,walk,4,0.3309576,2,squat
125,D:\Ti\Py_mmWave_Roformer\Dataset\squat.test\pHistBytes_clustered_voxel\pHistBytes_clustered_voxel_XOZ\pHistBytes_58_XOZ.png,xoz,stand,3,0.9077034,2,squat
126,D:\Ti\Py_mmWave_Roformer\Dataset\squat.test\pHistBytes_clustered_voxel\pHistBytes_clustered_voxel_XOZ\pHistBytes_59_XOZ.png,xoz,stand,3,0.7310112,2,squat
127,D:\Ti\Py_mmWave_Roformer\Dataset\squat.test\pHistBytes_clustered_voxel\pHistBytes_clustered_voxel_XOZ\pHistBytes_5_XOZ.png,xoz,squat,2,0.963776,2,squat
128,D:\Ti\Py_mmWave_Roformer\Dataset\squat.test\pHistBytes_clustered_voxel\pHistBytes_clustered_voxel_XOZ\pHistBytes_60_XOZ.png,xoz,squat,2,0.953045,2,squat
129,D:\Ti\Py_mmWave_Roformer\Dataset\squat.test\pHistBytes_clustered_voxel\pHistBytes_clustered_voxel_XOZ\pHistBytes_61_XOZ.png,xoz,stand,3,0.6711447,2,squat
130,D:\Ti\Py_mmWave_Roformer\Dataset\squat.test\pHistBytes_clustered_voxel\pHistBytes_clustered_voxel_XOZ\pHistBytes_62_XOZ.png,xoz,stand,3,0.7489137,2,squat
131,D:\Ti\Py_mmWave_Roformer\Dataset\squat.test\pHistBytes_clustered_voxel\pHistBytes_clustered_voxel_XOZ\pHistBytes_63_XOZ.png,xoz,stand,3,0.4590755,2,squat
132,D:\Ti\Py_mmWave_Roformer\Dataset\squat.test\pHistBytes_clustered_voxel\pHistBytes_clustered_voxel_XOZ\pHistBytes_64_XOZ.png,xoz,squat,2,0.9477138,2,squat
133,D:\Ti\Py_mmWave_Roformer\Dataset\squat.test\pHistBytes_clustered_voxel\pHistBytes_clustered_voxel_XOZ\pHistBytes_65_XOZ.png,xoz,stand,3,0.7561519,2,squat
134,D:\Ti\Py_mmWave_Roformer\Dataset\squat.test\pHistBytes_clustered_voxel\pHistBytes_clustered_voxel_XOZ\pHistBytes_66_XOZ.png,xoz,stand,3,0.46147355,2,squat
135,D:\Ti\Py_mmWave_Roformer\Dataset\squat.test\pHistBytes_clustered_voxel\pHistBytes_clustered_voxel_XOZ\pHistBytes_67_XOZ.png,xoz,walk,4,0.34781963,2,squat
136,D:\Ti\Py_mmWave_Roformer\Dataset\squat.test\pHistBytes_clustered_voxel\pHistBytes_clustered_voxel_XOZ\pHistBytes_68_XOZ.png,xoz,stand,3,0.52224356,2,squat
137,D:\Ti\Py_mmWave_Roformer\Dataset\squat.test\pHistBytes_clustered_voxel\pHistBytes_clustered_voxel_XOZ\pHistBytes_69_XOZ.png,xoz,stand,3,0.60409945,2,squat
138,D:\Ti\Py_mmWave_Roformer\Dataset\squat.test\pHistBytes_clustered_voxel\pHistBytes_clustered_voxel_XOZ\pHistBytes_6_XOZ.png,xoz,stand,3,0.88742805,2,squat
139,D:\Ti\Py_mmWave_Roformer\Dataset\squat.test\pHistBytes_clustered_voxel\pHistBytes_clustered_voxel_XOZ\pHistBytes_70_XOZ.png,xoz,stand,3,0.75293255,2,squat
140,D:\Ti\Py_mmWave_Roformer\Dataset\squat.test\pHistBytes_clustered_voxel\pHistBytes_clustered_voxel_XOZ\pHistBytes_71_XOZ.png,xoz,stand,3,0.3674627,2,squat
141,D:\Ti\Py_mmWave_Roformer\Dataset\squat.test\pHistBytes_clustered_voxel\pHistBytes_clustered_voxel_XOZ\pHistBytes_72_XOZ.png,xoz,squat,2,0.9446439,2,squat
142,D:\Ti\Py_mmWave_Roformer\Dataset\squat.test\pHistBytes_clustered_voxel\pHistBytes_clustered_voxel_XOZ\pHistBytes_73_XOZ.png,xoz,squat,2,0.7899351,2,squat
143,D:\Ti\Py_mmWave_Roformer\Dataset\squat.test\pHistBytes_clustered_voxel\pHistBytes_clustered_voxel_XOZ\pHistBytes_74_XOZ.png,xoz,stand,3,0.59668905,2,squat
144,D:\Ti\Py_mmWave_Roformer\Dataset\squat.test\pHistBytes_clustered_voxel\pHistBytes_clustered_voxel_XOZ\pHistBytes_75_XOZ.png,xoz,stand,3,0.53120804,2,squat
145,D:\Ti\Py_mmWave_Roformer\Dataset\squat.test\pHistBytes_clustered_voxel\pHistBytes_clustered_voxel_XOZ\pHistBytes_76_XOZ.png,xoz,squat,2,0.8558565,2,squat
146,D:\Ti\Py_mmWave_Roformer\Dataset\squat.test\pHistBytes_clustered_voxel\pHistBytes_clustered_voxel_XOZ\pHistBytes_77_XOZ.png,xoz,squat,2,0.9952663,2,squat
147,D:\Ti\Py_mmWave_Roformer\Dataset\squat.test\pHistBytes_clustered_voxel\pHistBytes_clustered_voxel_XOZ\pHistBytes_78_XOZ.png,xoz,stand,3,0.5199666,2,squat
148,D:\Ti\Py_mmWave_Roformer\Dataset\squat.test\pHistBytes_clustered_voxel\pHistBytes_clustered_voxel_XOZ\pHistBytes_79_XOZ.png,xoz,walk,4,0.49754518,2,squat
149,D:\Ti\Py_mmWave_Roformer\Dataset\squat.test\pHistBytes_clustered_voxel\pHistBytes_clustered_voxel_XOZ\pHistBytes_7_XOZ.png,xoz,stand,3,0.75575984,2,squat
150,D:\Ti\Py_mmWave_Roformer\Dataset\squat.test\pHistBytes_clustered_voxel\pHistBytes_clustered_voxel_XOZ\pHistBytes_80_XOZ.png,xoz,walk,4,0.45850062,2,squat
151,D:\Ti\Py_mmWave_Roformer\Dataset\squat.test\pHistBytes_clustered_voxel\pHistBytes_clustered_voxel_XOZ\pHistBytes_81_XOZ.png,xoz,squat,2,0.60044473,2,squat
152,D:\Ti\Py_mmWave_Roformer\Dataset\squat.test\pHistBytes_clustered_voxel\pHistBytes_clustered_voxel_XOZ\pHistBytes_82_XOZ.png,xoz,squat,2,0.98779047,2,squat
153,D:\Ti\Py_mmWave_Roformer\Dataset\squat.test\pHistBytes_clustered_voxel\pHistBytes_clustered_voxel_XOZ\pHistBytes_83_XOZ.png,xoz,squat,2,0.9898033,2,squat
154,D:\Ti\Py_mmWave_Roformer\Dataset\squat.test\pHistBytes_clustered_voxel\pHistBytes_clustered_voxel_XOZ\pHistBytes_84_XOZ.png,xoz,squat,2,0.95401996,2,squat
155,D:\Ti\Py_mmWave_Roformer\Dataset\squat.test\pHistBytes_clustered_voxel\pHistBytes_clustered_voxel_XOZ\pHistBytes_85_XOZ.png,xoz,squat,2,0.9140391,2,squat
156,D:\Ti\Py_mmWave_Roformer\Dataset\squat.test\pHistBytes_clustered_voxel\pHistBytes_clustered_voxel_XOZ\pHistBytes_86_XOZ.png,xoz,squat,2,0.7094534,2,squat
157,D:\Ti\Py_mmWave_Roformer\Dataset\squat.test\pHistBytes_clustered_voxel\pHistBytes_clustered_voxel_XOZ\pHistBytes_87_XOZ.png,xoz,squat,2,0.9977896,2,squat
158,D:\Ti\Py_mmWave_Roformer\Dataset\squat.test\pHistBytes_clustered_voxel\pHistBytes_clustered_voxel_XOZ\pHistBytes_88_XOZ.png,xoz,walk,4,0.52414024,2,squat
159,D:\Ti\Py_mmWave_Roformer\Dataset\squat.test\pHistBytes_clustered_voxel\pHistBytes_clustered_voxel_XOZ\pHistBytes_89_XOZ.png,xoz,walk,4,0.35354775,2,squat
160,D:\Ti\Py_mmWave_Roformer\Dataset\squat.test\pHistBytes_clustered_voxel\pHistBytes_clustered_voxel_XOZ\pHistBytes_8_XOZ.png,xoz,walk,4,0.56397957,2,squat
161,D:\Ti\Py_mmWave_Roformer\Dataset\squat.test\pHistBytes_clustered_voxel\pHistBytes_clustered_voxel_XOZ\pHistBytes_90_XOZ.png,xoz,squat,2,0.9437806,2,squat
162,D:\Ti\Py_mmWave_Roformer\Dataset\squat.test\pHistBytes_clustered_voxel\pHistBytes_clustered_voxel_XOZ\pHistBytes_91_XOZ.png,xoz,squat,2,0.90614915,2,squat
163,D:\Ti\Py_mmWave_Roformer\Dataset\squat.test\pHistBytes_clustered_voxel\pHistBytes_clustered_voxel_XOZ\pHistBytes_92_XOZ.png,xoz,run,1,0.40429875,2,squat
164,D:\Ti\Py_mmWave_Roformer\Dataset\squat.test\pHistBytes_clustered_voxel\pHistBytes_clustered_voxel_XOZ\pHistBytes_93_XOZ.png,xoz,squat,2,0.48420084,2,squat
165,D:\Ti\Py_mmWave_Roformer\Dataset\squat.test\pHistBytes_clustered_voxel\pHistBytes_clustered_voxel_XOZ\pHistBytes_94_XOZ.png,xoz,squat,2,0.84355646,2,squat
166,D:\Ti\Py_mmWave_Roformer\Dataset\squat.test\pHistBytes_clustered_voxel\pHistBytes_clustered_voxel_XOZ\pHistBytes_95_XOZ.png,xoz,squat,2,0.98391193,2,squat
167,D:\Ti\Py_mmWave_Roformer\Dataset\squat.test\pHistBytes_clustered_voxel\pHistBytes_clustered_voxel_XOZ\pHistBytes_96_XOZ.png,xoz,squat,2,0.8964851,2,squat
168,D:\Ti\Py_mmWave_Roformer\Dataset\squat.test\pHistBytes_clustered_voxel\pHistBytes_clustered_voxel_XOZ\pHistBytes_97_XOZ.png,xoz,squat,2,0.46150416,2,squat
169,D:\Ti\Py_mmWave_Roformer\Dataset\squat.test\pHistBytes_clustered_voxel\pHistBytes_clustered_voxel_XOZ\pHistBytes_98_XOZ.png,xoz,stand,3,0.86029226,2,squat
170,D:\Ti\Py_mmWave_Roformer\Dataset\squat.test\pHistBytes_clustered_voxel\pHistBytes_clustered_voxel_YOZ\pHistBytes_100_YOZ.png,yoz,squat,2,0.9989536,2,squat
171,D:\Ti\Py_mmWave_Roformer\Dataset\squat.test\pHistBytes_clustered_voxel\pHistBytes_clustered_voxel_YOZ\pHistBytes_101_YOZ.png,yoz,squat,2,0.99301904,2,squat
172,D:\Ti\Py_mmWave_Roformer\Dataset\squat.test\pHistBytes_clustered_voxel\pHistBytes_clustered_voxel_YOZ\pHistBytes_102_YOZ.png,yoz,squat,2,0.98685604,2,squat
173,D:\Ti\Py_mmWave_Roformer\Dataset\squat.test\pHistBytes_clustered_voxel\pHistBytes_clustered_voxel_YOZ\pHistBytes_103_YOZ.png,yoz,squat,2,0.9920007,2,squat
174,D:\Ti\Py_mmWave_Roformer\Dataset\squat.test\pHistBytes_clustered_voxel\pHistBytes_clustered_voxel_YOZ\pHistBytes_104_YOZ.png,yoz,squat,2,0.97905296,2,squat
175,D:\Ti\Py_mmWave_Roformer\Dataset\squat.test\pHistBytes_clustered_voxel\pHistBytes_clustered_voxel_YOZ\pHistBytes_105_YOZ.png,yoz,squat,2,0.9142052,2,squat
176,D:\Ti\Py_mmWave_Roformer\Dataset\squat.test\pHistBytes_clustered_voxel\pHistBytes_clustered_voxel_YOZ\pHistBytes_106_YOZ.png,yoz,squat,2,0.9449967,2,squat
177,D:\Ti\Py_mmWave_Roformer\Dataset\squat.test\pHistBytes_clustered_voxel\pHistBytes_clustered_voxel_YOZ\pHistBytes_107_YOZ.png,yoz,squat,2,0.9043477,2,squat
178,D:\Ti\Py_mmWave_Roformer\Dataset\squat.test\pHistBytes_clustered_voxel\pHistBytes_clustered_voxel_YOZ\pHistBytes_108_YOZ.png,yoz,walk,4,0.52638197,2,squat
179,D:\Ti\Py_mmWave_Roformer\Dataset\squat.test\pHistBytes_clustered_voxel\pHistBytes_clustered_voxel_YOZ\pHistBytes_109_YOZ.png,yoz,squat,2,0.8157281,2,squat
180,D:\Ti\Py_mmWave_Roformer\Dataset\squat.test\pHistBytes_clustered_voxel\pHistBytes_clustered_voxel_YOZ\pHistBytes_10_YOZ.png,yoz,walk,4,0.47133058,2,squat
181,D:\Ti\Py_mmWave_Roformer\Dataset\squat.test\pHistBytes_clustered_voxel\pHistBytes_clustered_voxel_YOZ\pHistBytes_110_YOZ.png,yoz,stationary,0,0.9325556,2,squat
182,D:\Ti\Py_mmWave_Roformer\Dataset\squat.test\pHistBytes_clustered_voxel\pHistBytes_clustered_voxel_YOZ\pHistBytes_111_YOZ.png,yoz,squat,2,0.981316,2,squat
183,D:\Ti\Py_mmWave_Roformer\Dataset\squat.test\pHistBytes_clustered_voxel\pHistBytes_clustered_voxel_YOZ\pHistBytes_112_YOZ.png,yoz,squat,2,0.9968527,2,squat
184,D:\Ti\Py_mmWave_Roformer\Dataset\squat.test\pHistBytes_clustered_voxel\pHistBytes_clustered_voxel_YOZ\pHistBytes_113_YOZ.png,yoz,squat,2,0.95685196,2,squat
185,D:\Ti\Py_mmWave_Roformer\Dataset\squat.test\pHistBytes_clustered_voxel\pHistBytes_clustered_voxel_YOZ\pHistBytes_114_YOZ.png,yoz,stand,3,0.48250145,2,squat
186,D:\Ti\Py_mmWave_Roformer\Dataset\squat.test\pHistBytes_clustered_voxel\pHistBytes_clustered_voxel_YOZ\pHistBytes_115_YOZ.png,yoz,squat,2,0.9626745,2,squat
187,D:\Ti\Py_mmWave_Roformer\Dataset\squat.test\pHistBytes_clustered_voxel\pHistBytes_clustered_voxel_YOZ\pHistBytes_116_YOZ.png,yoz,walk,4,0.5182763,2,squat
188,D:\Ti\Py_mmWave_Roformer\Dataset\squat.test\pHistBytes_clustered_voxel\pHistBytes_clustered_voxel_YOZ\pHistBytes_117_YOZ.png,yoz,walk,4,0.6871758,2,squat
189,D:\Ti\Py_mmWave_Roformer\Dataset\squat.test\pHistBytes_clustered_voxel\pHistBytes_clustered_voxel_YOZ\pHistBytes_118_YOZ.png,yoz,run,1,0.61283445,2,squat
190,D:\Ti\Py_mmWave_Roformer\Dataset\squat.test\pHistBytes_clustered_voxel\pHistBytes_clustered_voxel_YOZ\pHistBytes_119_YOZ.png,yoz,walk,4,0.59946847,2,squat
191,D:\Ti\Py_mmWave_Roformer\Dataset\squat.test\pHistBytes_clustered_voxel\pHistBytes_clustered_voxel_YOZ\pHistBytes_11_YOZ.png,yoz,run,1,0.5642202,2,squat
192,D:\Ti\Py_mmWave_Roformer\Dataset\squat.test\pHistBytes_clustered_voxel\pHistBytes_clustered_voxel_YOZ\pHistBytes_120_YOZ.png,yoz,squat,2,0.81285775,2,squat
193,D:\Ti\Py_mmWave_Roformer\Dataset\squat.test\pHistBytes_clustered_voxel\pHistBytes_clustered_voxel_YOZ\pHistBytes_121_YOZ.png,yoz,squat,2,0.9533285,2,squat
194,D:\Ti\Py_mmWave_Roformer\Dataset\squat.test\pHistBytes_clustered_voxel\pHistBytes_clustered_voxel_YOZ\pHistBytes_122_YOZ.png,yoz,squat,2,0.896733,2,squat
195,D:\Ti\Py_mmWave_Roformer\Dataset\squat.test\pHistBytes_clustered_voxel\pHistBytes_clustered_voxel_YOZ\pHistBytes_123_YOZ.png,yoz,squat,2,0.98781127,2,squat
196,D:\Ti\Py_mmWave_Roformer\Dataset\squat.test\pHistBytes_clustered_voxel\pHistBytes_clustered_voxel_YOZ\pHistBytes_124_YOZ.png,yoz,squat,2,0.70792407,2,squat
197,D:\Ti\Py_mmWave_Roformer\Dataset\squat.test\pHistBytes_clustered_voxel\pHistBytes_clustered_voxel_YOZ\pHistBytes_125_YOZ.png,yoz,squat,2,0.8598604,2,squat
198,D:\Ti\Py_mmWave_Roformer\Dataset\squat.test\pHistBytes_clustered_voxel\pHistBytes_clustered_voxel_YOZ\pHistBytes_126_YOZ.png,yoz,squat,2,0.89349973,2,squat
199,D:\Ti\Py_mmWave_Roformer\Dataset\squat.test\pHistBytes_clustered_voxel\pHistBytes_clustered_voxel_YOZ\pHistBytes_127_YOZ.png,yoz,squat,2,0.93861735,2,squat
200,D:\Ti\Py_mmWave_Roformer\Dataset\squat.test\pHistBytes_clustered_voxel\pHistBytes_clustered_voxel_YOZ\pHistBytes_128_YOZ.png,yoz,squat,2,0.6467649,2,squat
201,D:\Ti\Py_mmWave_Roformer\Dataset\squat.test\pHistBytes_clustered_voxel\pHistBytes_clustered_voxel_YOZ\pHistBytes_129_YOZ.png,yoz,squat,2,0.93399346,2,squat
202,D:\Ti\Py_mmWave_Roformer\Dataset\squat.test\pHistBytes_clustered_voxel\pHistBytes_clustered_voxel_YOZ\pHistBytes_12_YOZ.png,yoz,squat,2,0.4898428,2,squat
203,D:\Ti\Py_mmWave_Roformer\Dataset\squat.test\pHistBytes_clustered_voxel\pHistBytes_clustered_voxel_YOZ\pHistBytes_130_YOZ.png,yoz,squat,2,0.98161227,2,squat
204,D:\Ti\Py_mmWave_Roformer\Dataset\squat.test\pHistBytes_clustered_voxel\pHistBytes_clustered_voxel_YOZ\pHistBytes_131_YOZ.png,yoz,squat,2,0.9973385,2,squat
205,D:\Ti\Py_mmWave_Roformer\Dataset\squat.test\pHistBytes_clustered_voxel\pHistBytes_clustered_voxel_YOZ\pHistBytes_132_YOZ.png,yoz,squat,2,0.9995221,2,squat
206,D:\Ti\Py_mmWave_Roformer\Dataset\squat.test\pHistBytes_clustered_voxel\pHistBytes_clustered_voxel_YOZ\pHistBytes_133_YOZ.png,yoz,squat,2,0.9994161,2,squat
207,D:\Ti\Py_mmWave_Roformer\Dataset\squat.test\pHistBytes_clustered_voxel\pHistBytes_clustered_voxel_YOZ\pHistBytes_134_YOZ.png,yoz,squat,2,0.9989052,2,squat
208,D:\Ti\Py_mmWave_Roformer\Dataset\squat.test\pHistBytes_clustered_voxel\pHistBytes_clustered_voxel_YOZ\pHistBytes_135_YOZ.png,yoz,squat,2,0.9997849,2,squat
209,D:\Ti\Py_mmWave_Roformer\Dataset\squat.test\pHistBytes_clustered_voxel\pHistBytes_clustered_voxel_YOZ\pHistBytes_136_YOZ.png,yoz,squat,2,0.99816954,2,squat
210,D:\Ti\Py_mmWave_Roformer\Dataset\squat.test\pHistBytes_clustered_voxel\pHistBytes_clustered_voxel_YOZ\pHistBytes_137_YOZ.png,yoz,squat,2,0.9799911,2,squat
211,D:\Ti\Py_mmWave_Roformer\Dataset\squat.test\pHistBytes_clustered_voxel\pHistBytes_clustered_voxel_YOZ\pHistBytes_138_YOZ.png,yoz,squat,2,0.9718764,2,squat
212,D:\Ti\Py_mmWave_Roformer\Dataset\squat.test\pHistBytes_clustered_voxel\pHistBytes_clustered_voxel_YOZ\pHistBytes_139_YOZ.png,yoz,squat,2,0.99216545,2,squat
213,D:\Ti\Py_mmWave_Roformer\Dataset\squat.test\pHistBytes_clustered_voxel\pHistBytes_clustered_voxel_YOZ\pHistBytes_13_YOZ.png,yoz,squat,2,0.9982331,2,squat
214,D:\Ti\Py_mmWave_Roformer\Dataset\squat.test\pHistBytes_clustered_voxel\pHistBytes_clustered_voxel_YOZ\pHistBytes_140_YOZ.png,yoz,squat,2,0.99829787,2,squat
215,D:\Ti\Py_mmWave_Roformer\Dataset\squat.test\pHistBytes_clustered_voxel\pHistBytes_clustered_voxel_YOZ\pHistBytes_141_YOZ.png,yoz,squat,2,0.99952924,2,squat
216,D:\Ti\Py_mmWave_Roformer\Dataset\squat.test\pHistBytes_clustered_voxel\pHistBytes_clustered_voxel_YOZ\pHistBytes_142_YOZ.png,yoz,squat,2,0.9973955,2,squat
217,D:\Ti\Py_mmWave_Roformer\Dataset\squat.test\pHistBytes_clustered_voxel\pHistBytes_clustered_voxel_YOZ\pHistBytes_143_YOZ.png,yoz,squat,2,0.8687766,2,squat
218,D:\Ti\Py_mmWave_Roformer\Dataset\squat.test\pHistBytes_clustered_voxel\pHistBytes_clustered_voxel_YOZ\pHistBytes_144_YOZ.png,yoz,squat,2,0.91961825,2,squat
219,D:\Ti\Py_mmWave_Roformer\Dataset\squat.test\pHistBytes_clustered_voxel\pHistBytes_clustered_voxel_YOZ\pHistBytes_145_YOZ.png,yoz,squat,2,0.9240235,2,squat
220,D:\Ti\Py_mmWave_Roformer\Dataset\squat.test\pHistBytes_clustered_voxel\pHistBytes_clustered_voxel_YOZ\pHistBytes_146_YOZ.png,yoz,squat,2,0.9499916,2,squat
221,D:\Ti\Py_mmWave_Roformer\Dataset\squat.test\pHistBytes_clustered_voxel\pHistBytes_clustered_voxel_YOZ\pHistBytes_147_YOZ.png,yoz,squat,2,0.97735924,2,squat
222,D:\Ti\Py_mmWave_Roformer\Dataset\squat.test\pHistBytes_clustered_voxel\pHistBytes_clustered_voxel_YOZ\pHistBytes_148_YOZ.png,yoz,squat,2,0.92106664,2,squat
223,D:\Ti\Py_mmWave_Roformer\Dataset\squat.test\pHistBytes_clustered_voxel\pHistBytes_clustered_voxel_YOZ\pHistBytes_149_YOZ.png,yoz,squat,2,0.66802263,2,squat
224,D:\Ti\Py_mmWave_Roformer\Dataset\squat.test\pHistBytes_clustered_voxel\pHistBytes_clustered_voxel_YOZ\pHistBytes_14_YOZ.png,yoz,walk,4,0.6459453,2,squat
225,D:\Ti\Py_mmWave_Roformer\Dataset\squat.test\pHistBytes_clustered_voxel\pHistBytes_clustered_voxel_YOZ\pHistBytes_150_YOZ.png,yoz,squat,2,0.98940945,2,squat
226,D:\Ti\Py_mmWave_Roformer\Dataset\squat.test\pHistBytes_clustered_voxel\pHistBytes_clustered_voxel_YOZ\pHistBytes_151_YOZ.png,yoz,squat,2,0.98566574,2,squat
227,D:\Ti\Py_mmWave_Roformer\Dataset\squat.test\pHistBytes_clustered_voxel\pHistBytes_clustered_voxel_YOZ\pHistBytes_152_YOZ.png,yoz,squat,2,0.944372,2,squat
228,D:\Ti\Py_mmWave_Roformer\Dataset\squat.test\pHistBytes_clustered_voxel\pHistBytes_clustered_voxel_YOZ\pHistBytes_153_YOZ.png,yoz,squat,2,0.68723744,2,squat
229,D:\Ti\Py_mmWave_Roformer\Dataset\squat.test\pHistBytes_clustered_voxel\pHistBytes_clustered_voxel_YOZ\pHistBytes_154_YOZ.png,yoz,squat,2,0.98931676,2,squat
230,D:\Ti\Py_mmWave_Roformer\Dataset\squat.test\pHistBytes_clustered_voxel\pHistBytes_clustered_voxel_YOZ\pHistBytes_155_YOZ.png,yoz,squat,2,0.8753949,2,squat
231,D:\Ti\Py_mmWave_Roformer\Dataset\squat.test\pHistBytes_clustered_voxel\pHistBytes_clustered_voxel_YOZ\pHistBytes_156_YOZ.png,yoz,squat,2,0.8368031,2,squat
232,D:\Ti\Py_mmWave_Roformer\Dataset\squat.test\pHistBytes_clustered_voxel\pHistBytes_clustered_voxel_YOZ\pHistBytes_157_YOZ.png,yoz,stand,3,0.8630967,2,squat
233,D:\Ti\Py_mmWave_Roformer\Dataset\squat.test\pHistBytes_clustered_voxel\pHistBytes_clustered_voxel_YOZ\pHistBytes_158_YOZ.png,yoz,stand,3,0.9944212,2,squat
234,D:\Ti\Py_mmWave_Roformer\Dataset\squat.test\pHistBytes_clustered_voxel\pHistBytes_clustered_voxel_YOZ\pHistBytes_159_YOZ.png,yoz,stand,3,0.9554417,2,squat
235,D:\Ti\Py_mmWave_Roformer\Dataset\squat.test\pHistBytes_clustered_voxel\pHistBytes_clustered_voxel_YOZ\pHistBytes_15_YOZ.png,yoz,stand,3,0.8486242,2,squat
236,D:\Ti\Py_mmWave_Roformer\Dataset\squat.test\pHistBytes_clustered_voxel\pHistBytes_clustered_voxel_YOZ\pHistBytes_160_YOZ.png,yoz,stand,3,0.7481561,2,squat
237,D:\Ti\Py_mmWave_Roformer\Dataset\squat.test\pHistBytes_clustered_voxel\pHistBytes_clustered_voxel_YOZ\pHistBytes_161_YOZ.png,yoz,stand,3,0.62430423,2,squat
238,D:\Ti\Py_mmWave_Roformer\Dataset\squat.test\pHistBytes_clustered_voxel\pHistBytes_clustered_voxel_YOZ\pHistBytes_162_YOZ.png,yoz,stand,3,0.9403657,2,squat
239,D:\Ti\Py_mmWave_Roformer\Dataset\squat.test\pHistBytes_clustered_voxel\pHistBytes_clustered_voxel_YOZ\pHistBytes_163_YOZ.png,yoz,stand,3,0.9486727,2,squat
240,D:\Ti\Py_mmWave_Roformer\Dataset\squat.test\pHistBytes_clustered_voxel\pHistBytes_clustered_voxel_YOZ\pHistBytes_164_YOZ.png,yoz,stand,3,0.6453739,2,squat
241,D:\Ti\Py_mmWave_Roformer\Dataset\squat.test\pHistBytes_clustered_voxel\pHistBytes_clustered_voxel_YOZ\pHistBytes_165_YOZ.png,yoz,stand,3,0.68635726,2,squat
242,D:\Ti\Py_mmWave_Roformer\Dataset\squat.test\pHistBytes_clustered_voxel\pHistBytes_clustered_voxel_YOZ\pHistBytes_166_YOZ.png,yoz,squat,2,0.91419953,2,squat
243,D:\Ti\Py_mmWave_Roformer\Dataset\squat.test\pHistBytes_clustered_voxel\pHistBytes_clustered_voxel_YOZ\pHistBytes_167_YOZ.png,yoz,stand,3,0.6213357,2,squat
244,D:\Ti\Py_mmWave_Roformer\Dataset\squat.test\pHistBytes_clustered_voxel\pHistBytes_clustered_voxel_YOZ\pHistBytes_168_YOZ.png,yoz,stand,3,0.9853307,2,squat
245,D:\Ti\Py_mmWave_Roformer\Dataset\squat.test\pHistBytes_clustered_voxel\pHistBytes_clustered_voxel_YOZ\pHistBytes_169_YOZ.png,yoz,stand,3,0.99588746,2,squat
246,D:\Ti\Py_mmWave_Roformer\Dataset\squat.test\pHistBytes_clustered_voxel\pHistBytes_clustered_voxel_YOZ\pHistBytes_16_YOZ.png,yoz,stand,3,0.979158,2,squat
247,D:\Ti\Py_mmWave_Roformer\Dataset\squat.test\pHistBytes_clustered_voxel\pHistBytes_clustered_voxel_YOZ\pHistBytes_170_YOZ.png,yoz,stand,3,0.9878683,2,squat
248,D:\Ti\Py_mmWave_Roformer\Dataset\squat.test\pHistBytes_clustered_voxel\pHistBytes_clustered_voxel_YOZ\pHistBytes_171_YOZ.png,yoz,stand,3,0.9513484,2,squat
249,D:\Ti\Py_mmWave_Roformer\Dataset\squat.test\pHistBytes_clustered_voxel\pHistBytes_clustered_voxel_YOZ\pHistBytes_172_YOZ.png,yoz,stand,3,0.7016483,2,squat
250,D:\Ti\Py_mmWave_Roformer\Dataset\squat.test\pHistBytes_clustered_voxel\pHistBytes_clustered_voxel_YOZ\pHistBytes_17_YOZ.png,yoz,stand,3,0.90794927,2,squat
251,D:\Ti\Py_mmWave_Roformer\Dataset\squat.test\pHistBytes_clustered_voxel\pHistBytes_clustered_voxel_YOZ\pHistBytes_18_YOZ.png,yoz,stand,3,0.9804969,2,squat
252,D:\Ti\Py_mmWave_Roformer\Dataset\squat.test\pHistBytes_clustered_voxel\pHistBytes_clustered_voxel_YOZ\pHistBytes_19_YOZ.png,yoz,stand,3,0.99105763,2,squat
253,D:\Ti\Py_mmWave_Roformer\Dataset\squat.test\pHistBytes_clustered_voxel\pHistBytes_clustered_voxel_YOZ\pHistBytes_1_YOZ.png,yoz,stand,3,0.9885649,2,squat
254,D:\Ti\Py_mmWave_Roformer\Dataset\squat.test\pHistBytes_clustered_voxel\pHistBytes_clustered_voxel_YOZ\pHistBytes_20_YOZ.png,yoz,stand,3,0.9993338,2,squat
255,D:\Ti\Py_mmWave_Roformer\Dataset\squat.test\pHistBytes_clustered_voxel\pHistBytes_clustered_voxel_YOZ\pHistBytes_21_YOZ.png,yoz,stand,3,0.9635441,2,squat
256,D:\Ti\Py_mmWave_Roformer\Dataset\squat.test\pHistBytes_clustered_voxel\pHistBytes_clustered_voxel_YOZ\pHistBytes_22_YOZ.png,yoz,stand,3,0.9593865,2,squat
257,D:\Ti\Py_mmWave_Roformer\Dataset\squat.test\pHistBytes_clustered_voxel\pHistBytes_clustered_voxel_YOZ\pHistBytes_23_YOZ.png,yoz,stand,3,0.97716457,2,squat
258,D:\Ti\Py_mmWave_Roformer\Dataset\squat.test\pHistBytes_clustered_voxel\pHistBytes_clustered_voxel_YOZ\pHistBytes_24_YOZ.png,yoz,stand,3,0.95187706,2,squat
259,D:\Ti\Py_mmWave_Roformer\Dataset\squat.test\pHistBytes_clustered_voxel\pHistBytes_clustered_voxel_YOZ\pHistBytes_25_YOZ.png,yoz,stand,3,0.98191845,2,squat
260,D:\Ti\Py_mmWave_Roformer\Dataset\squat.test\pHistBytes_clustered_voxel\pHistBytes_clustered_voxel_YOZ\pHistBytes_26_YOZ.png,yoz,stand,3,0.86784816,2,squat
261,D:\Ti\Py_mmWave_Roformer\Dataset\squat.test\pHistBytes_clustered_voxel\pHistBytes_clustered_voxel_YOZ\pHistBytes_27_YOZ.png,yoz,stand,3,0.9864048,2,squat
262,D:\Ti\Py_mmWave_Roformer\Dataset\squat.test\pHistBytes_clustered_voxel\pHistBytes_clustered_voxel_YOZ\pHistBytes_28_YOZ.png,yoz,stand,3,0.99538076,2,squat
263,D:\Ti\Py_mmWave_Roformer\Dataset\squat.test\pHistBytes_clustered_voxel\pHistBytes_clustered_voxel_YOZ\pHistBytes_29_YOZ.png,yoz,stand,3,0.98011315,2,squat
264,D:\Ti\Py_mmWave_Roformer\Dataset\squat.test\pHistBytes_clustered_voxel\pHistBytes_clustered_voxel_YOZ\pHistBytes_2_YOZ.png,yoz,stand,3,0.9794429,2,squat
265,D:\Ti\Py_mmWave_Roformer\Dataset\squat.test\pHistBytes_clustered_voxel\pHistBytes_clustered_voxel_YOZ\pHistBytes_30_YOZ.png,yoz,stand,3,0.7021078,2,squat
266,D:\Ti\Py_mmWave_Roformer\Dataset\squat.test\pHistBytes_clustered_voxel\pHistBytes_clustered_voxel_YOZ\pHistBytes_31_YOZ.png,yoz,walk,4,0.8482824,2,squat
267,D:\Ti\Py_mmWave_Roformer\Dataset\squat.test\pHistBytes_clustered_voxel\pHistBytes_clustered_voxel_YOZ\pHistBytes_32_YOZ.png,yoz,walk,4,0.7932967,2,squat
268,D:\Ti\Py_mmWave_Roformer\Dataset\squat.test\pHistBytes_clustered_voxel\pHistBytes_clustered_voxel_YOZ\pHistBytes_33_YOZ.png,yoz,run,1,0.518836,2,squat
269,D:\Ti\Py_mmWave_Roformer\Dataset\squat.test\pHistBytes_clustered_voxel\pHistBytes_clustered_voxel_YOZ\pHistBytes_34_YOZ.png,yoz,squat,2,0.47627765,2,squat
270,D:\Ti\Py_mmWave_Roformer\Dataset\squat.test\pHistBytes_clustered_voxel\pHistBytes_clustered_voxel_YOZ\pHistBytes_35_YOZ.png,yoz,stationary,0,0.79554814,2,squat
271,D:\Ti\Py_mmWave_Roformer\Dataset\squat.test\pHistBytes_clustered_voxel\pHistBytes_clustered_voxel_YOZ\pHistBytes_36_YOZ.png,yoz,squat,2,0.71238005,2,squat
272,D:\Ti\Py_mmWave_Roformer\Dataset\squat.test\pHistBytes_clustered_voxel\pHistBytes_clustered_voxel_YOZ\pHistBytes_37_YOZ.png,yoz,squat,2,0.999736,2,squat
273,D:\Ti\Py_mmWave_Roformer\Dataset\squat.test\pHistBytes_clustered_voxel\pHistBytes_clustered_voxel_YOZ\pHistBytes_38_YOZ.png,yoz,squat,2,0.9183036,2,squat
274,D:\Ti\Py_mmWave_Roformer\Dataset\squat.test\pHistBytes_clustered_voxel\pHistBytes_clustered_voxel_YOZ\pHistBytes_39_YOZ.png,yoz,squat,2,0.89981246,2,squat
275,D:\Ti\Py_mmWave_Roformer\Dataset\squat.test\pHistBytes_clustered_voxel\pHistBytes_clustered_voxel_YOZ\pHistBytes_3_YOZ.png,yoz,stand,3,0.7365059,2,squat
276,D:\Ti\Py_mmWave_Roformer\Dataset\squat.test\pHistBytes_clustered_voxel\pHistBytes_clustered_voxel_YOZ\pHistBytes_40_YOZ.png,yoz,stand,3,0.6560822,2,squat
277,D:\Ti\Py_mmWave_Roformer\Dataset\squat.test\pHistBytes_clustered_voxel\pHistBytes_clustered_voxel_YOZ\pHistBytes_41_YOZ.png,yoz,stand,3,0.9096529,2,squat
278,D:\Ti\Py_mmWave_Roformer\Dataset\squat.test\pHistBytes_clustered_voxel\pHistBytes_clustered_voxel_YOZ\pHistBytes_42_YOZ.png,yoz,stand,3,0.9061171,2,squat
279,D:\Ti\Py_mmWave_Roformer\Dataset\squat.test\pHistBytes_clustered_voxel\pHistBytes_clustered_voxel_YOZ\pHistBytes_43_YOZ.png,yoz,squat,2,0.94495326,2,squat
280,D:\Ti\Py_mmWave_Roformer\Dataset\squat.test\pHistBytes_clustered_voxel\pHistBytes_clustered_voxel_YOZ\pHistBytes_44_YOZ.png,yoz,stand,3,0.51096547,2,squat
281,D:\Ti\Py_mmWave_Roformer\Dataset\squat.test\pHistBytes_clustered_voxel\pHistBytes_clustered_voxel_YOZ\pHistBytes_45_YOZ.png,yoz,squat,2,0.87363535,2,squat
282,D:\Ti\Py_mmWave_Roformer\Dataset\squat.test\pHistBytes_clustered_voxel\pHistBytes_clustered_voxel_YOZ\pHistBytes_46_YOZ.png,yoz,squat,2,0.5750145,2,squat
283,D:\Ti\Py_mmWave_Roformer\Dataset\squat.test\pHistBytes_clustered_voxel\pHistBytes_clustered_voxel_YOZ\pHistBytes_47_YOZ.png,yoz,stand,3,0.59122986,2,squat
284,D:\Ti\Py_mmWave_Roformer\Dataset\squat.test\pHistBytes_clustered_voxel\pHistBytes_clustered_voxel_YOZ\pHistBytes_48_YOZ.png,yoz,stand,3,0.9382929,2,squat
285,D:\Ti\Py_mmWave_Roformer\Dataset\squat.test\pHistBytes_clustered_voxel\pHistBytes_clustered_voxel_YOZ\pHistBytes_49_YOZ.png,yoz,stand,3,0.8055834,2,squat
286,D:\Ti\Py_mmWave_Roformer\Dataset\squat.test\pHistBytes_clustered_voxel\pHistBytes_clustered_voxel_YOZ\pHistBytes_4_YOZ.png,yoz,stand,3,0.76479626,2,squat
287,D:\Ti\Py_mmWave_Roformer\Dataset\squat.test\pHistBytes_clustered_voxel\pHistBytes_clustered_voxel_YOZ\pHistBytes_50_YOZ.png,yoz,squat,2,0.975737,2,squat
288,D:\Ti\Py_mmWave_Roformer\Dataset\squat.test\pHistBytes_clustered_voxel\pHistBytes_clustered_voxel_YOZ\pHistBytes_51_YOZ.png,yoz,squat,2,0.8562248,2,squat
289,D:\Ti\Py_mmWave_Roformer\Dataset\squat.test\pHistBytes_clustered_voxel\pHistBytes_clustered_voxel_YOZ\pHistBytes_52_YOZ.png,yoz,walk,4,0.43741366,2,squat
290,D:\Ti\Py_mmWave_Roformer\Dataset\squat.test\pHistBytes_clustered_voxel\pHistBytes_clustered_voxel_YOZ\pHistBytes_53_YOZ.png,yoz,walk,4,0.8179316,2,squat
291,D:\Ti\Py_mmWave_Roformer\Dataset\squat.test\pHistBytes_clustered_voxel\pHistBytes_clustered_voxel_YOZ\pHistBytes_54_YOZ.png,yoz,walk,4,0.9015364,2,squat
292,D:\Ti\Py_mmWave_Roformer\Dataset\squat.test\pHistBytes_clustered_voxel\pHistBytes_clustered_voxel_YOZ\pHistBytes_55_YOZ.png,yoz,walk,4,0.920052,2,squat
293,D:\Ti\Py_mmWave_Roformer\Dataset\squat.test\pHistBytes_clustered_voxel\pHistBytes_clustered_voxel_YOZ\pHistBytes_56_YOZ.png,yoz,squat,2,0.98037875,2,squat
294,D:\Ti\Py_mmWave_Roformer\Dataset\squat.test\pHistBytes_clustered_voxel\pHistBytes_clustered_voxel_YOZ\pHistBytes_57_YOZ.png,yoz,stand,3,0.4339567,2,squat
295,D:\Ti\Py_mmWave_Roformer\Dataset\squat.test\pHistBytes_clustered_voxel\pHistBytes_clustered_voxel_YOZ\pHistBytes_58_YOZ.png,yoz,stand,3,0.9826827,2,squat
296,D:\Ti\Py_mmWave_Roformer\Dataset\squat.test\pHistBytes_clustered_voxel\pHistBytes_clustered_voxel_YOZ\pHistBytes_59_YOZ.png,yoz,stand,3,0.96732295,2,squat
297,D:\Ti\Py_mmWave_Roformer\Dataset\squat.test\pHistBytes_clustered_voxel\pHistBytes_clustered_voxel_YOZ\pHistBytes_5_YOZ.png,yoz,stand,3,0.7795479,2,squat
298,D:\Ti\Py_mmWave_Roformer\Dataset\squat.test\pHistBytes_clustered_voxel\pHistBytes_clustered_voxel_YOZ\pHistBytes_60_YOZ.png,yoz,squat,2,0.80968773,2,squat
299,D:\Ti\Py_mmWave_Roformer\Dataset\squat.test\pHistBytes_clustered_voxel\pHistBytes_clustered_voxel_YOZ\pHistBytes_61_YOZ.png,yoz,stand,3,0.5062802,2,squat
300,D:\Ti\Py_mmWave_Roformer\Dataset\squat.test\pHistBytes_clustered_voxel\pHistBytes_clustered_voxel_YOZ\pHistBytes_62_YOZ.png,yoz,squat,2,0.6571915,2,squat
301,D:\Ti\Py_mmWave_Roformer\Dataset\squat.test\pHistBytes_clustered_voxel\pHistBytes_clustered_voxel_YOZ\pHistBytes_63_YOZ.png,yoz,stand,3,0.83597624,2,squat
302,D:\Ti\Py_mmWave_Roformer\Dataset\squat.test\pHistBytes_clustered_voxel\pHistBytes_clustered_voxel_YOZ\pHistBytes_64_YOZ.png,yoz,squat,2,0.9182028,2,squat
303,D:\Ti\Py_mmWave_Roformer\Dataset\squat.test\pHistBytes_clustered_voxel\pHistBytes_clustered_voxel_YOZ\pHistBytes_65_YOZ.png,yoz,stand,3,0.49462754,2,squat
304,D:\Ti\Py_mmWave_Roformer\Dataset\squat.test\pHistBytes_clustered_voxel\pHistBytes_clustered_voxel_YOZ\pHistBytes_66_YOZ.png,yoz,stand,3,0.5313566,2,squat
305,D:\Ti\Py_mmWave_Roformer\Dataset\squat.test\pHistBytes_clustered_voxel\pHistBytes_clustered_voxel_YOZ\pHistBytes_67_YOZ.png,yoz,stand,3,0.9501192,2,squat
306,D:\Ti\Py_mmWave_Roformer\Dataset\squat.test\pHistBytes_clustered_voxel\pHistBytes_clustered_voxel_YOZ\pHistBytes_68_YOZ.png,yoz,stand,3,0.46278596,2,squat
307,D:\Ti\Py_mmWave_Roformer\Dataset\squat.test\pHistBytes_clustered_voxel\pHistBytes_clustered_voxel_YOZ\pHistBytes_69_YOZ.png,yoz,stand,3,0.8873848,2,squat
308,D:\Ti\Py_mmWave_Roformer\Dataset\squat.test\pHistBytes_clustered_voxel\pHistBytes_clustered_voxel_YOZ\pHistBytes_6_YOZ.png,yoz,stand,3,0.809267,2,squat
309,D:\Ti\Py_mmWave_Roformer\Dataset\squat.test\pHistBytes_clustered_voxel\pHistBytes_clustered_voxel_YOZ\pHistBytes_70_YOZ.png,yoz,stand,3,0.43558896,2,squat
310,D:\Ti\Py_mmWave_Roformer\Dataset\squat.test\pHistBytes_clustered_voxel\pHistBytes_clustered_voxel_YOZ\pHistBytes_71_YOZ.png,yoz,stationary,0,0.5462982,2,squat
311,D:\Ti\Py_mmWave_Roformer\Dataset\squat.test\pHistBytes_clustered_voxel\pHistBytes_clustered_voxel_YOZ\pHistBytes_72_YOZ.png,yoz,squat,2,0.67115,2,squat
312,D:\Ti\Py_mmWave_Roformer\Dataset\squat.test\pHistBytes_clustered_voxel\pHistBytes_clustered_voxel_YOZ\pHistBytes_73_YOZ.png,yoz,squat,2,0.75267583,2,squat
313,D:\Ti\Py_mmWave_Roformer\Dataset\squat.test\pHistBytes_clustered_voxel\pHistBytes_clustered_voxel_YOZ\pHistBytes_74_YOZ.png,yoz,stationary,0,0.468055,2,squat
314,D:\Ti\Py_mmWave_Roformer\Dataset\squat.test\pHistBytes_clustered_voxel\pHistBytes_clustered_voxel_YOZ\pHistBytes_75_YOZ.png,yoz,stationary,0,0.95342255,2,squat
315,D:\Ti\Py_mmWave_Roformer\Dataset\squat.test\pHistBytes_clustered_voxel\pHistBytes_clustered_voxel_YOZ\pHistBytes_76_YOZ.png,yoz,squat,2,0.7487756,2,squat
316,D:\Ti\Py_mmWave_Roformer\Dataset\squat.test\pHistBytes_clustered_voxel\pHistBytes_clustered_voxel_YOZ\pHistBytes_77_YOZ.png,yoz,squat,2,0.955055,2,squat
317,D:\Ti\Py_mmWave_Roformer\Dataset\squat.test\pHistBytes_clustered_voxel\pHistBytes_clustered_voxel_YOZ\pHistBytes_78_YOZ.png,yoz,run,1,0.41904062,2,squat
318,D:\Ti\Py_mmWave_Roformer\Dataset\squat.test\pHistBytes_clustered_voxel\pHistBytes_clustered_voxel_YOZ\pHistBytes_79_YOZ.png,yoz,stand,3,0.35353577,2,squat
319,D:\Ti\Py_mmWave_Roformer\Dataset\squat.test\pHistBytes_clustered_voxel\pHistBytes_clustered_voxel_YOZ\pHistBytes_7_YOZ.png,yoz,stand,3,0.99153745,2,squat
320,D:\Ti\Py_mmWave_Roformer\Dataset\squat.test\pHistBytes_clustered_voxel\pHistBytes_clustered_voxel_YOZ\pHistBytes_80_YOZ.png,yoz,stand,3,0.5368422,2,squat
321,D:\Ti\Py_mmWave_Roformer\Dataset\squat.test\pHistBytes_clustered_voxel\pHistBytes_clustered_voxel_YOZ\pHistBytes_81_YOZ.png,yoz,squat,2,0.7488326,2,squat
322,D:\Ti\Py_mmWave_Roformer\Dataset\squat.test\pHistBytes_clustered_voxel\pHistBytes_clustered_voxel_YOZ\pHistBytes_82_YOZ.png,yoz,squat,2,0.8753989,2,squat
323,D:\Ti\Py_mmWave_Roformer\Dataset\squat.test\pHistBytes_clustered_voxel\pHistBytes_clustered_voxel_YOZ\pHistBytes_83_YOZ.png,yoz,squat,2,0.6534675,2,squat
324,D:\Ti\Py_mmWave_Roformer\Dataset\squat.test\pHistBytes_clustered_voxel\pHistBytes_clustered_voxel_YOZ\pHistBytes_84_YOZ.png,yoz,walk,4,0.8577079,2,squat
325,D:\Ti\Py_mmWave_Roformer\Dataset\squat.test\pHistBytes_clustered_voxel\pHistBytes_clustered_voxel_YOZ\pHistBytes_85_YOZ.png,yoz,walk,4,0.94073814,2,squat
326,D:\Ti\Py_mmWave_Roformer\Dataset\squat.test\pHistBytes_clustered_voxel\pHistBytes_clustered_voxel_YOZ\pHistBytes_86_YOZ.png,yoz,walk,4,0.6444227,2,squat
327,D:\Ti\Py_mmWave_Roformer\Dataset\squat.test\pHistBytes_clustered_voxel\pHistBytes_clustered_voxel_YOZ\pHistBytes_87_YOZ.png,yoz,walk,4,0.36605063,2,squat
328,D:\Ti\Py_mmWave_Roformer\Dataset\squat.test\pHistBytes_clustered_voxel\pHistBytes_clustered_voxel_YOZ\pHistBytes_88_YOZ.png,yoz,stand,3,0.5360027,2,squat
329,D:\Ti\Py_mmWave_Roformer\Dataset\squat.test\pHistBytes_clustered_voxel\pHistBytes_clustered_voxel_YOZ\pHistBytes_89_YOZ.png,yoz,squat,2,0.5155201,2,squat
330,D:\Ti\Py_mmWave_Roformer\Dataset\squat.test\pHistBytes_clustered_voxel\pHistBytes_clustered_voxel_YOZ\pHistBytes_8_YOZ.png,yoz,walk,4,0.49367875,2,squat
331,D:\Ti\Py_mmWave_Roformer\Dataset\squat.test\pHistBytes_clustered_voxel\pHistBytes_clustered_voxel_YOZ\pHistBytes_90_YOZ.png,yoz,squat,2,0.92345905,2,squat
332,D:\Ti\Py_mmWave_Roformer\Dataset\squat.test\pHistBytes_clustered_voxel\pHistBytes_clustered_voxel_YOZ\pHistBytes_91_YOZ.png,yoz,squat,2,0.87876683,2,squat
333,D:\Ti\Py_mmWave_Roformer\Dataset\squat.test\pHistBytes_clustered_voxel\pHistBytes_clustered_voxel_YOZ\pHistBytes_92_YOZ.png,yoz,squat,2,0.7217566,2,squat
334,D:\Ti\Py_mmWave_Roformer\Dataset\squat.test\pHistBytes_clustered_voxel\pHistBytes_clustered_voxel_YOZ\pHistBytes_93_YOZ.png,yoz,squat,2,0.99546367,2,squat
335,D:\Ti\Py_mmWave_Roformer\Dataset\squat.test\pHistBytes_clustered_voxel\pHistBytes_clustered_voxel_YOZ\pHistBytes_94_YOZ.png,yoz,squat,2,0.99322164,2,squat
336,D:\Ti\Py_mmWave_Roformer\Dataset\squat.test\pHistBytes_clustered_voxel\pHistBytes_clustered_voxel_YOZ\pHistBytes_95_YOZ.png,yoz,squat,2,0.9952834,2,squat
337,D:\Ti\Py_mmWave_Roformer\Dataset\squat.test\pHistBytes_clustered_voxel\pHistBytes_clustered_voxel_YOZ\pHistBytes_96_YOZ.png,yoz,squat,2,0.8679073,2,squat
338,D:\Ti\Py_mmWave_Roformer\Dataset\squat.test\pHistBytes_clustered_voxel\pHistBytes_clustered_voxel_YOZ\pHistBytes_97_YOZ.png,yoz,squat,2,0.6733163,2,squat
339,D:\Ti\Py_mmWave_Roformer\Dataset\squat.test\pHistBytes_clustered_voxel\pHistBytes_clustered_voxel_YOZ\pHistBytes_98_YOZ.png,yoz,stand,3,0.9523983,2,squat
